{
    "Vegane Vielfalt": [
        "Vegane Basics",
        "Vegan aufs Brot",
        "Vegan Frühstücken",
        "Vegan Abendessen",
        "Vegan Kochen",
        "Vegan Backen",
        "Vegane Fertiggerichte",
        "Veganes Fast Food",
        "Vegan Naschen",
        "Veganes Eis"
    ],
    "International": [
        "Amerikanisch",
        "Asiatisch",
        "Britisch & Irisch",
        "Französisch",
        "Griechisch",
        "Indisch",
        "Italienisch",
        "Mexikanisch",
        "Niederländisch",
        "Orientalisch",
        "Osteuropäisch",
        "Skandinavisch",
        "Spanisch"
    ],
    "Regional": [
        "Regionales Obst & Gemüse",
        "Regionale Bäckereien",
        "Regionale Fleisch- & Wurstwaren",
        "Regionale Eier, Käse- & Molkereiprodukte",
        "Regionale Eis-Manufakturen",
        "Getränke aus der Region",
        "Regionale Kaffee-Röstereien",
        "Aus der Region - in den Vorratsschrank",
        "Aus der Region - frisch auf den Tisch"
    ],
    "Obst & Gemüse": [
        "Frisches Obst",
        "Frisches Gemüse",
        "Frische Kräuter"
    ],
    "Fleisch & Fisch": [
        "Fleisch",
        "Fleisch-Theke",
        "Fleischalternativen",
        "Wurst & Aufschnitt",
        "Fisch & Meeresfrüchte",
        "Wurst-Theke",
        "Fisch-Theke",
        "Grill-Theke"
    ],
    "Käse, Eier & Molkerei": [
        "Käse & Käseersatz",
        "Milch",
        "Butter & Margarine",
        "Eier & Ei-Ersatz",
        "Milchalternativen",
        "Molkereiprodukte & Alternativen",
        "Joghurt, Desserts & Alternativen",
        "Käse-Theke"
    ],
    "Tiefkühlkost": [
        "Eiscreme & Eiswürfel",
        "Pizza & Baguettes",
        "Tiefkühl-Gemüse",
        "Tiefkühl-Fisch",
        "Tiefkühl-Fleisch",
        "Tiefkühl-Fertiggerichte",
        "Tiefkühl-Backwaren",
        "Tiefkühl-Kartoffelprodukte",
        "Tiefkühl-Kräuter",
        "Tiefkühl-Obst"
    ],
    "Brot, Cerealien & Aufstriche": [
        "Brot",
        "Brötchen",
        "Backwaren",
        "Toast & Toastbrötchen",
        "Knäckebrot, Zwieback & Reiswaffeln",
        "Süße Brotaufstriche",
        "Herzhafte Brotaufstriche",
        "Cerealien & Müsli",
        "Brot & Backwaren"
    ],
    "Kochen & Backen": [
        "Nudeln",
        "Reis",
        "Getreide",
        "Kartoffelprodukte",
        "Getrocknete Hülsenfrüchte",
        "Backzutaten",
        "Dessertpulver"
    ],
    "Öle, Soßen & Gewürze": [
        "Öle",
        "Essig",
        "Salat-Dressings & Toppings",
        "Soßen",
        "Gewürze",
        "Gewürzpasten",
        "Gewürzmischungen",
        "Salz"
    ],
    "Fertiggerichte & Konserven": [
        "Fertiggerichte",
        "Dosengerichte",
        "Suppen & Eintöpfe",
        "Gekühlte Nudeln & Teigwaren",
        "Feinkost & Antipasti",
        "Feinkostsalate",
        "Gemüsekonserven",
        "Obstkonserven",
        "Fischkonserven",
        "Fleisch- & Wurstkonserven",
        "Fixprodukte",
        "Instant-Snacks",
        "Bouillons & Brühen",
        "Feinkost-Theke"
    ],
    "Süßes & Salziges": [
        "Schokolade",
        "Süßwaren",
        "Süßgebäck",
        "Chips & Knabbereien",
        "Nüsse",
        "Trockenfrüchte & Kerne",
        "Ostern",
        "Weihnachten"
    ],
    "Kaffee, Tee & Kakao": [
        "Kaffee",
        "Tee",
        "Kakao & Mischgetränke",
        "Kaffeesirup"
    ],
    "Getränke & Genussmittel": [
        "Wasser",
        "Soft Drinks",
        "Fruchtsäfte & Nektare",
        "Gemüsesäfte",
        "Smoothies",
        "Bier & Biermischgetränke",
        "Wein",
        "Champagner, Sekt & Co.",
        "Fruchtwein & Fruchtsecco",
        "Mixgetränke & Cocktails",
        "Spirituosen",
        "Genussmittel"
    ],
    "Drogerie & Kosmetik": [
        "Körperpflege & -reinigung",
        "Rasur & Haarentfernung",
        "Haarpflege & Beauty",
        "Papier- & Hygieneartikel",
        "Zahn- & Mundpflege",
        "Gesundheit",
        "Parfüm",
        "Make-Up",
        "Fitnessnahrung"
    ],
    "Babybedarf": [
        "Babynahrung",
        "Babypflege",
        "Windeln & Wickeln",
        "Schnuller & Fläschchen"
    ],
    "Tierbedarf": [
        "Katzenbedarf",
        "Hundebedarf",
        "Kleintierbedarf",
        "Vogelbedarf",
        "Fischfutter"
    ],
    "Küche & Haushalt": [
        "Waschen & Bügeln",
        "Putzen & Reinigen",
        "Spülen",
        "Küchenhelfer & Zubehör",
        "Backartikel",
        "Küchengeräte",
        "Aufbewahrung",
        "Pfannen & Töpfe",
        "Tischdecken & Servietten",
        "Geschirr & Besteck",
        "Flaschen & Kannen",
        "Treue-Aktion"
    ],
    "Haus & Freizeit": [
        "Haushaltsartikel",
        "Bürobedarf",
        "Grills & Grillzubehör",
        "Gartenzubehör",
        "Spielwaren",
        "Party & Geschenke",
        "Bücher",
        "Ordnen & Aufbewahren",
        "Bekleidung",
        "Elektronik",
        "Winterzubehör"
    ]
}